{"stats":{"minecraft:custom":{"minecraft:jump":6,"minecraft:time_since_rest":13495,"minecraft:leave_game":1,"minecraft:crouch_one_cm":201,"minecraft:sprint_one_cm":297,"minecraft:play_time":13495,"minecraft:time_since_death":13495,"minecraft:walk_one_cm":7119,"minecraft:sneak_time":233,"minecraft:total_world_time":13495,"minecraft:walk_under_water_one_cm":27,"minecraft:fly_one_cm":50027},"minecraft:mined":{"minecraft:oak_log":6,"minecraft:oak_leaves":1},"minecraft:picked_up":{"minecraft:oak_log":6}},"DataVersion":3465}