{"stats":{"minecraft:custom":{"minecraft:jump":7,"minecraft:time_since_rest":4359,"minecraft:walk_on_water_one_cm":415,"minecraft:crouch_one_cm":107,"minecraft:sprint_one_cm":249,"minecraft:play_time":4359,"minecraft:time_since_death":4359,"minecraft:walk_one_cm":9263,"minecraft:sneak_time":205,"minecraft:total_world_time":4359,"minecraft:fly_one_cm":82873},"minecraft:picked_up":{"minecraft:oak_log":4,"minecraft:oak_sapling":2},"minecraft:mined":{"minecraft:oak_log":4,"minecraft:oak_leaves":1}},"DataVersion":3465}